{
  "model": "YOLOv6n",
  "map50": 0.5576660289528069,
  "map": 0.4120182581535226,
  "time_ms": 3.3238455433775016
}