{
  "model": "YOLOv5",
  "map50": 0.5323814592405575,
  "map": 0.3793820179880343,
  "time_ms": 3.0406974215111404
}