{
  "model": "YOLOv5m",
  "map50": 0.609877871997693,
  "map": 0.4562655442868201,
  "time_ms": 3.4317153633764974
}