{
  "model": "YOLOv6s",
  "map50": 0.6198114312364199,
  "map": 0.4739166766637287,
  "time_ms": 3.8442153569349102
}