{
  "model": "YOLOv6",
  "map50": 0.6198114312364199,
  "map": 0.4739166766637287,
  "time_ms": 27.9224732057628
}