{
  "model": "YOLOv6l",
  "map50": 0.7073899791615973,
  "map": 0.5541848448480851,
  "time_ms": 8.234637814211965
}