{
  "model": "YOLOv7",
  "map50": 0.6559819714268388,
  "map": 0.5050812375191782,
  "time_ms": 3.2181582189423352
}