{
  "model": "YOLOv7",
  "map50": 0.6559819714268388,
  "map": 0.5050812375191782,
  "time_ms": 4.214278903646118
}