{
  "model": "YOLOv5x",
  "map50": 0.6746976297805809,
  "map": 0.5177511036149932,
  "time_ms": 5.357356884132969
}