{
  "model": "YOLOv6m",
  "map50": 0.6698584385479522,
  "map": 0.5195957829214046,
  "time_ms": 35.07794671884312
}