{
  "model": "YOLOv5l",
  "map50": 0.6507353415952115,
  "map": 0.502708857278468,
  "time_ms": 3.520426882346328
}