{
  "model": "YOLOv5s",
  "map50": 0.5323814592405575,
  "map": 0.3793820179880343,
  "time_ms": 2.7341563629761367
}