{
  "model": "YOLOv7x",
  "map50": 0.6910751000207828,
  "map": 0.5361139091452521,
  "time_ms": 4.858078578536151
}